name	stage	model	bytecode_bytes	package_offset	output_file
SLS1000.vso	vertex	2_0	252	12	SLS1000.vso.dis
SLS1003.vso	vertex	2_0	560	524	SLS1003.vso.dis
SLS1004.vso	vertex	2_0	428	1344	SLS1004.vso.dis
SLS1005.vso	vertex	2_0	252	2032	SLS1005.vso.dis
SLS1006.vso	vertex	2_0	308	2544	SLS1006.vso.dis
SLS1007.vso	vertex	2_0	276	3112	SLS1007.vso.dis
SLS1008.vso	vertex	2_0	720	3648	SLS1008.vso.dis
SLS1009.vso	vertex	2_0	552	4628	SLS1009.vso.dis
SLS1010.vso	vertex	2_0	452	5440	SLS1010.vso.dis
SLS1011.vso	vertex	2_0	744	6152	SLS1011.vso.dis
SLS1012.vso	vertex	2_0	476	7156	SLS1012.vso.dis
SLS1013.vso	vertex	2_0	768	7892	SLS1013.vso.dis
SLS1014.vso	vertex	2_0	464	8920	SLS1014.vso.dis
SLS1015.vso	vertex	2_0	756	9644	SLS1015.vso.dis
SLS1016.vso	vertex	2_0	584	10660	SLS1016.vso.dis
SLS1017.vso	vertex	2_0	544	11504	SLS1017.vso.dis
SLS1018.vso	vertex	2_0	568	12308	SLS1018.vso.dis
SLS1019.vso	vertex	2_0	708	13136	SLS1019.vso.dis
SLS1020.vso	vertex	2_0	384	14104	SLS1020.vso.dis
SLS1021.vso	vertex	2_0	412	14748	SLS1021.vso.dis
SLS1022.vso	vertex	2_0	568	15420	SLS1022.vso.dis
SLS1023.vso	vertex	2_0	612	16248	SLS1023.vso.dis
SLS1024.vso	vertex	2_0	264	17120	SLS1024.vso.dis
SLS1025.vso	vertex	2_0	464	17644	SLS1025.vso.dis
SLS1026.vso	vertex	2_0	512	18368	SLS1026.vso.dis
SLS1027.vso	vertex	2_0	336	19140	SLS1027.vso.dis
SLS1028.vso	vertex	2_0	616	19736	SLS1028.vso.dis
SLS1029.vso	vertex	2_0	664	20612	SLS1029.vso.dis
SLS1S000.vso	vertex	2_0	784	21536	SLS1S000.vso.dis
SLS1S001.vso	vertex	2_0	1052	22580	SLS1S001.vso.dis
SLS1S002.vso	vertex	2_0	1076	23892	SLS1S002.vso.dis
SLS1S003.vso	vertex	2_0	2052	25228	SLS1S003.vso.dis
SLS1S004.vso	vertex	2_0	1920	27540	SLS1S004.vso.dis
SLS1S005.vso	vertex	2_0	784	29720	SLS1S005.vso.dis
SLS1S006.vso	vertex	2_0	816	30764	SLS1S006.vso.dis
SLS1S007.vso	vertex	2_0	808	31840	SLS1S007.vso.dis
SLS1S008.vso	vertex	2_0	2200	32908	SLS1S008.vso.dis
SLS1S009.vso	vertex	2_0	2044	35368	SLS1S009.vso.dis
SLS1S010.vso	vertex	2_0	1944	37672	SLS1S010.vso.dis
SLS1S011.vso	vertex	2_0	1968	39876	SLS1S011.vso.dis
SLS1S012.vso	vertex	2_0	2236	42104	SLS1S012.vso.dis
SLS1S013.vso	vertex	2_0	2260	44600	SLS1S013.vso.dis
SLS1S014.vso	vertex	2_0	1956	47120	SLS1S014.vso.dis
SLS1S015.vso	vertex	2_0	2248	49336	SLS1S015.vso.dis
SLS1S016.vso	vertex	2_0	2076	51844	SLS1S016.vso.dis
SLS1S017.vso	vertex	2_0	2200	54180	SLS1S017.vso.dis
SLS1S020.vso	vertex	2_0	796	56640	SLS1S020.vso.dis
SLS2000.vso	vertex	2_0	780	57696	SLS2000.vso.dis
SLS2001.vso	vertex	2_0	780	58736	SLS2001.vso.dis
SLS2002.vso	vertex	2_0	960	59776	SLS2002.vso.dis
SLS2003.vso	vertex	2_0	2272	60996	SLS2003.vso.dis
SLS2004.vso	vertex	2_0	1064	63528	SLS2004.vso.dis
SLS2005.vso	vertex	2_0	960	64852	SLS2005.vso.dis
SLS2006.vso	vertex	2_0	2556	66072	SLS2006.vso.dis
SLS2007.vso	vertex	2_0	780	68888	SLS2007.vso.dis
SLS2008.vso	vertex	2_0	928	69928	SLS2008.vso.dis
SLS2009.vso	vertex	2_0	2420	71116	SLS2009.vso.dis
SLS2010.vso	vertex	2_0	1212	73796	SLS2010.vso.dis
SLS2011.vso	vertex	2_0	2704	75268	SLS2011.vso.dis
SLS2012.vso	vertex	2_0	976	78232	SLS2012.vso.dis
SLS2013.vso	vertex	2_0	2468	79468	SLS2013.vso.dis
SLS2014.vso	vertex	2_0	1260	82196	SLS2014.vso.dis
SLS2015.vso	vertex	2_0	2752	83716	SLS2015.vso.dis
SLS2016.vso	vertex	2_0	1204	86728	SLS2016.vso.dis
SLS2017.vso	vertex	2_0	2696	88192	SLS2017.vso.dis
SLS2018.vso	vertex	2_0	1488	91148	SLS2018.vso.dis
SLS2019.vso	vertex	2_0	2980	92896	SLS2019.vso.dis
SLS2020.vso	vertex	2_0	1616	96136	SLS2020.vso.dis
SLS2021.vso	vertex	2_0	3132	98012	SLS2021.vso.dis
SLS2022.vso	vertex	2_0	1368	101404	SLS2022.vso.dis
SLS2023.vso	vertex	2_0	1344	103032	SLS2023.vso.dis
SLS2024.vso	vertex	2_0	2860	104636	SLS2024.vso.dis
SLS2025.vso	vertex	2_0	1688	107756	SLS2025.vso.dis
SLS2026.vso	vertex	2_0	1636	109704	SLS2026.vso.dis
SLS2027.vso	vertex	2_0	3220	111600	SLS2027.vso.dis
SLS2028.vso	vertex	2_0	588	115080	SLS2028.vso.dis
SLS2029.vso	vertex	2_0	2080	115928	SLS2029.vso.dis
SLS2030.vso	vertex	2_0	888	118268	SLS2030.vso.dis
SLS2031.vso	vertex	2_0	2380	119416	SLS2031.vso.dis
SLS2032.vso	vertex	2_0	724	122056	SLS2032.vso.dis
SLS2033.vso	vertex	2_0	2216	123040	SLS2033.vso.dis
SLS2034.vso	vertex	2_0	1024	125516	SLS2034.vso.dis
SLS2035.vso	vertex	2_0	2516	126800	SLS2035.vso.dis
SLS2036.vso	vertex	2_0	632	129576	SLS2036.vso.dis
SLS2037.vso	vertex	2_0	2124	130468	SLS2037.vso.dis
SLS2038.vso	vertex	2_0	768	132852	SLS2038.vso.dis
SLS2039.vso	vertex	2_0	2260	133880	SLS2039.vso.dis
SLS2040.vso	vertex	2_0	592	136400	SLS2040.vso.dis
SLS2041.vso	vertex	2_0	2084	137252	SLS2041.vso.dis
SLS2042.vso	vertex	2_0	876	139596	SLS2042.vso.dis
SLS2043.vso	vertex	2_0	2368	140732	SLS2043.vso.dis
SLS2044.vso	vertex	2_0	596	143360	SLS2044.vso.dis
SLS2045.vso	vertex	2_0	2112	144216	SLS2045.vso.dis
SLS2046.vso	vertex	2_0	780	146588	SLS2046.vso.dis
SLS2047.vso	vertex	2_0	2296	147628	SLS2047.vso.dis
SLS2048.vso	vertex	2_0	964	150184	SLS2048.vso.dis
SLS2049.vso	vertex	2_0	2480	151408	SLS2049.vso.dis
SLS2050.vso	vertex	2_0	868	154148	SLS2050.vso.dis
SLS2051.vso	vertex	2_0	2360	155276	SLS2051.vso.dis
SLS2052.vso	vertex	2_0	960	157896	SLS2052.vso.dis
SLS2053.vso	vertex	2_0	764	159116	SLS2053.vso.dis
SLS2054.vso	vertex	2_0	812	160140	SLS2054.vso.dis
SLS2055.vso	vertex	2_0	588	161212	SLS2055.vso.dis
SLS2056.vso	vertex	2_0	696	162060	SLS2056.vso.dis
SLS2058.vso	vertex	2_0	636	163016	SLS2058.vso.dis
SLS2059.vso	vertex	2_0	744	163912	SLS2059.vso.dis
SLS2061.vso	vertex	2_0	980	164916	SLS2061.vso.dis
SLS2062.vso	vertex	2_0	1028	166156	SLS2062.vso.dis
SLS2063.vso	vertex	2_0	376	167444	SLS2063.vso.dis
SLS2064.vso	vertex	2_0	400	168080	SLS2064.vso.dis
SLS2065.vso	vertex	2_0	912	168740	SLS2065.vso.dis
SLS2066.vso	vertex	2_0	936	169912	SLS2066.vso.dis
SLS2067.vso	vertex	2_0	392	171108	SLS2067.vso.dis
SLS2068.vso	vertex	2_0	456	171760	SLS2068.vso.dis
SLS2069.vso	vertex	2_0	1296	172476	SLS2069.vso.dis
SLS2070.vso	vertex	2_0	544	174032	SLS2070.vso.dis
SLS2071.vso	vertex	2_0	228	174836	SLS2071.vso.dis
SLS2072.vso	vertex	2_0	760	175324	SLS2072.vso.dis
SLS2073.vso	vertex	2_0	280	176344	SLS2073.vso.dis
SLS2074.vso	vertex	2_0	788	176884	SLS2074.vso.dis
SLS2075.vso	vertex	2_0	280	177932	SLS2075.vso.dis
SLS2076.vso	vertex	2_0	816	178472	SLS2076.vso.dis
SLS2077.vso	vertex	2_0	2996	179548	SLS2077.vso.dis
SLS2078.vso	vertex	2_0	464	182804	SLS2078.vso.dis
SLS2079.vso	vertex	2_0	512	183528	SLS2079.vso.dis
SLS2080.vso	vertex	2_0	892	184300	SLS2080.vso.dis
SLS2081.vso	vertex	2_0	336	185452	SLS2081.vso.dis
SLS2082.vso	vertex	2_0	616	186048	SLS2082.vso.dis
SLS2083.vso	vertex	2_0	664	186924	SLS2083.vso.dis
SLS2084.vso	vertex	2_0	396	187848	SLS2084.vso.dis
SLS2085.vso	vertex	2_0	1260	188504	SLS2085.vso.dis
SLS2086.vso	vertex	2_0	228	190024	SLS2086.vso.dis
SLS2087.vso	vertex	2_0	1392	190512	SLS2087.vso.dis
SLS2088.vso	vertex	2_0	2920	192164	SLS2088.vso.dis
SLS2089.vso	vertex	2_0	532	195344	SLS2089.vso.dis
SLS2090.vso	vertex	2_0	1040	196136	SLS2090.vso.dis
SLS2091.vso	vertex	2_0	532	197436	SLS2091.vso.dis
SLS2092.vso	vertex	2_0	304	198228	SLS2092.vso.dis
SLS2093.vso	vertex	2_0	772	198792	SLS2093.vso.dis
SLS2094.vso	vertex	2_0	328	199824	SLS2094.vso.dis
SLS2095.vso	vertex	2_0	796	200412	SLS2095.vso.dis
SLS2096.vso	vertex	2_0	304	201468	SLS2096.vso.dis
SLS2097.vso	vertex	2_0	772	202032	SLS2097.vso.dis
SLS2098.vso	vertex	2_0	328	203064	SLS2098.vso.dis
SLS2099.vso	vertex	2_0	796	203652	SLS2099.vso.dis
SLS2100.vso	vertex	2_0	732	204708	SLS2100.vso.dis
SLS2101.vso	vertex	2_0	1016	205700	SLS2101.vso.dis
SLS2102.vso	vertex	2_0	592	206976	SLS2102.vso.dis
SLS1000.pso	pixel	2_1	264	207828	SLS1000.pso.dis
SLS1001.pso	pixel	2_1	644	208352	SLS1001.pso.dis
SLS1002.pso	pixel	2_1	396	209256	SLS1002.pso.dis
SLS1003.pso	pixel	2_1	200	209912	SLS1003.pso.dis
SLS1004.pso	pixel	2_1	228	210372	SLS1004.pso.dis
SLS1005.pso	pixel	2_1	448	210860	SLS1005.pso.dis
SLS1006.pso	pixel	2_1	448	211568	SLS1006.pso.dis
SLS1007.pso	pixel	2_1	696	212276	SLS1007.pso.dis
SLS1008.pso	pixel	2_1	464	213232	SLS1008.pso.dis
SLS1009.pso	pixel	2_1	532	213956	SLS1009.pso.dis
SLS1010.pso	pixel	2_1	584	214748	SLS1010.pso.dis
SLS1011.pso	pixel	2_1	548	215592	SLS1011.pso.dis
SLS1012.pso	pixel	2_1	600	216400	SLS1012.pso.dis
SLS1013.pso	pixel	2_1	560	217260	SLS1013.pso.dis
SLS1014.pso	pixel	2_1	612	218080	SLS1014.pso.dis
SLS1015.pso	pixel	2_1	576	218952	SLS1015.pso.dis
SLS1016.pso	pixel	2_1	628	219788	SLS1016.pso.dis
SLS1017.pso	pixel	2_1	760	220676	SLS1017.pso.dis
SLS1018.pso	pixel	2_1	812	221696	SLS1018.pso.dis
SLS1019.pso	pixel	2_1	776	222768	SLS1019.pso.dis
SLS1020.pso	pixel	2_1	828	223804	SLS1020.pso.dis
SLS1021.pso	pixel	2_1	604	224892	SLS1021.pso.dis
SLS1022.pso	pixel	2_1	656	225756	SLS1022.pso.dis
SLS1023.pso	pixel	2_1	620	226672	SLS1023.pso.dis
SLS1024.pso	pixel	2_1	672	227552	SLS1024.pso.dis
SLS1025.pso	pixel	2_1	632	228484	SLS1025.pso.dis
SLS1026.pso	pixel	2_1	684	229376	SLS1026.pso.dis
SLS1027.pso	pixel	2_1	648	230320	SLS1027.pso.dis
SLS1028.pso	pixel	2_1	700	231228	SLS1028.pso.dis
SLS1029.pso	pixel	2_1	792	232188	SLS1029.pso.dis
SLS1030.pso	pixel	2_1	124	233240	SLS1030.pso.dis
SLS1031.pso	pixel	2_1	240	233624	SLS1031.pso.dis
SLS1032.pso	pixel	2_1	756	234124	SLS1032.pso.dis
SLS1033.pso	pixel	2_1	784	235140	SLS1033.pso.dis
SLS1034.pso	pixel	2_1	364	236184	SLS1034.pso.dis
SLS1035.pso	pixel	2_1	396	236808	SLS1035.pso.dis
SLS1036.pso	pixel	2_1	388	237464	SLS1036.pso.dis
SLS1037.pso	pixel	2_1	300	238112	SLS1037.pso.dis
SLS1038.pso	pixel	2_1	148	238672	SLS1038.pso.dis
SLS1039.pso	pixel	2_1	264	239080	SLS1039.pso.dis
SLS1040.pso	pixel	2_1	572	239604	SLS1040.pso.dis
SLS1041.pso	pixel	2_1	632	240436	SLS1041.pso.dis
SLS1042.pso	pixel	2_1	344	241328	SLS1042.pso.dis
SLS1043.pso	pixel	2_1	432	241932	SLS1043.pso.dis
SLS1044.pso	pixel	2_1	504	242624	SLS1044.pso.dis
SLS1045.pso	pixel	2_1	564	243388	SLS1045.pso.dis
SLS1047.pso	pixel	2_1	380	244212	SLS1047.pso.dis
SLS2000.pso	pixel	2_1	752	244852	SLS2000.pso.dis
SLS2001.pso	pixel	2_1	596	245864	SLS2001.pso.dis
SLS2002.pso	pixel	2_1	596	246720	SLS2002.pso.dis
SLS2003.pso	pixel	2_1	1060	247576	SLS2003.pso.dis
SLS2004.pso	pixel	2_1	876	248896	SLS2004.pso.dis
SLS2005.pso	pixel	2_1	936	250032	SLS2005.pso.dis
SLS2006.pso	pixel	2_1	1060	251228	SLS2006.pso.dis
SLS2007.pso	pixel	2_1	1060	252548	SLS2007.pso.dis
SLS2008.pso	pixel	2_1	756	253868	SLS2008.pso.dis
SLS2009.pso	pixel	2_1	896	254884	SLS2009.pso.dis
SLS2010.pso	pixel	2_1	1104	256040	SLS2010.pso.dis
SLS2011.pso	pixel	2_1	964	257404	SLS2011.pso.dis
SLS2012.pso	pixel	2_1	1088	258628	SLS2012.pso.dis
SLS2013.pso	pixel	2_1	1132	259976	SLS2013.pso.dis
SLS2014.pso	pixel	2_1	1160	261368	SLS2014.pso.dis
SLS2015.pso	pixel	2_1	1284	262788	SLS2015.pso.dis
SLS2016.pso	pixel	2_1	1328	264332	SLS2016.pso.dis
SLS2017.pso	pixel	2_1	932	265920	SLS2017.pso.dis
SLS2018.pso	pixel	2_1	1056	267112	SLS2018.pso.dis
SLS2019.pso	pixel	2_1	1184	268428	SLS2019.pso.dis
SLS2020.pso	pixel	2_1	1132	269872	SLS2020.pso.dis
SLS2021.pso	pixel	2_1	1256	271264	SLS2021.pso.dis
SLS2022.pso	pixel	2_1	1408	272780	SLS2022.pso.dis
SLS2023.pso	pixel	2_1	1332	274448	SLS2023.pso.dis
SLS2024.pso	pixel	2_1	1456	276040	SLS2024.pso.dis
SLS2026.pso	pixel	2_1	1532	277756	SLS2026.pso.dis
SLS2027.pso	pixel	2_1	1656	279548	SLS2027.pso.dis
SLS2029.pso	pixel	2_1	1756	281464	SLS2029.pso.dis
SLS2030.pso	pixel	2_1	1756	283480	SLS2030.pso.dis
SLS2031.pso	pixel	2_1	1376	285496	SLS2031.pso.dis
SLS2032.pso	pixel	2_1	1316	287132	SLS2032.pso.dis
SLS2033.pso	pixel	2_1	1376	288708	SLS2033.pso.dis
SLS2034.pso	pixel	2_1	1680	290344	SLS2034.pso.dis
SLS2035.pso	pixel	2_1	1620	292284	SLS2035.pso.dis
SLS2036.pso	pixel	2_1	1680	294164	SLS2036.pso.dis
SLS2037.pso	pixel	2_1	696	296104	SLS2037.pso.dis
SLS2038.pso	pixel	2_1	832	297060	SLS2038.pso.dis
SLS2039.pso	pixel	2_1	892	298152	SLS2039.pso.dis
SLS2040.pso	pixel	2_1	1028	299304	SLS2040.pso.dis
SLS2041.pso	pixel	2_1	860	300592	SLS2041.pso.dis
SLS2042.pso	pixel	2_1	996	301712	SLS2042.pso.dis
SLS2043.pso	pixel	2_1	1056	302968	SLS2043.pso.dis
SLS2044.pso	pixel	2_1	1192	304284	SLS2044.pso.dis
SLS2045.pso	pixel	2_1	700	305736	SLS2045.pso.dis
SLS2046.pso	pixel	2_1	864	306696	SLS2046.pso.dis
SLS2047.pso	pixel	2_1	588	307820	SLS2047.pso.dis
SLS2048.pso	pixel	2_1	676	308668	SLS2048.pso.dis
SLS2049.pso	pixel	2_1	768	309604	SLS2049.pso.dis
SLS2050.pso	pixel	2_1	856	310632	SLS2050.pso.dis
SLS2051.pso	pixel	2_1	664	311748	SLS2051.pso.dis
SLS2052.pso	pixel	2_1	752	312672	SLS2052.pso.dis
SLS2053.pso	pixel	2_1	828	313684	SLS2053.pso.dis
SLS2054.pso	pixel	2_1	1088	314772	SLS2054.pso.dis
SLS2055.pso	pixel	2_1	996	316120	SLS2055.pso.dis
SLS2056.pso	pixel	2_1	1424	317376	SLS2056.pso.dis
SLS2057.pso	pixel	2_1	884	319060	SLS2057.pso.dis
SLS2058.pso	pixel	2_1	884	320204	SLS2058.pso.dis
SLS2059.pso	pixel	2_1	656	321348	SLS2059.pso.dis
SLS2060.pso	pixel	2_1	756	322264	SLS2060.pso.dis
SLS2061.pso	pixel	2_1	816	323280	SLS2061.pso.dis
SLS2062.pso	pixel	2_1	916	324356	SLS2062.pso.dis
SLS2063.pso	pixel	2_1	640	325532	SLS2063.pso.dis
SLS2065.pso	pixel	2_1	1064	326432	SLS2065.pso.dis
SLS2066.pso	pixel	2_1	700	327756	SLS2066.pso.dis
SLS2068.pso	pixel	2_1	820	328716	SLS2068.pso.dis
SLS2069.pso	pixel	2_1	880	329796	SLS2069.pso.dis
SLS2070s3.pso	pixel	2_1	200	330936	SLS2070s3.pso.dis
SLS2071s3.pso	pixel	2_1	260	331396	SLS2071s3.pso.dis
SLS2072s3.pso	pixel	2_1	200	331916	SLS2072s3.pso.dis
SLS2073s3.pso	pixel	2_1	260	332376	SLS2073s3.pso.dis
SLS2074.pso	pixel	2_1	200	332896	SLS2074.pso.dis
SLS2075.pso	pixel	2_1	436	333356	SLS2075.pso.dis
SLS2076.pso	pixel	2_1	464	334052	SLS2076.pso.dis
SLS2077.pso	pixel	2_1	136	334776	SLS2077.pso.dis
SLS2078.pso	pixel	2_1	168	335172	SLS2078.pso.dis
SLS2079.pso	pixel	2_1	252	335600	SLS2079.pso.dis
SLS2080.pso	pixel	2_1	572	336112	SLS2080.pso.dis
SLS2081.pso	pixel	2_1	632	336944	SLS2081.pso.dis
SLS2082.pso	pixel	2_1	676	337836	SLS2082.pso.dis
SLS2083.pso	pixel	2_1	344	338772	SLS2083.pso.dis
SLS2084.pso	pixel	2_1	432	339376	SLS2084.pso.dis
SLS2085.pso	pixel	2_1	504	340068	SLS2085.pso.dis
SLS2086.pso	pixel	2_1	564	340832	SLS2086.pso.dis
SLS2087.pso	pixel	2_1	224	341656	SLS2087.pso.dis
SLS2088.pso	pixel	2_1	136	342140	SLS2088.pso.dis
SLS2089.pso	pixel	2_1	608	342536	SLS2089.pso.dis
SLS2090.pso	pixel	2_1	440	343404	SLS2090.pso.dis
SLS2091.pso	pixel	2_1	532	344104	SLS2091.pso.dis
SLS2092.pso	pixel	2_1	788	344896	SLS2092.pso.dis
SLS2093.pso	pixel	2_1	992	345944	SLS2093.pso.dis
SLS2094.pso	pixel	2_1	672	347196	SLS2094.pso.dis
SLS2095.pso	pixel	2_1	876	348128	SLS2095.pso.dis
SLS2096.pso	pixel	2_1	1416	349264	SLS2096.pso.dis
SLS2097.pso	pixel	2_1	1620	350940	SLS2097.pso.dis
SLS2098.pso	pixel	2_1	1300	352820	SLS2098.pso.dis
SLS2099.pso	pixel	2_1	1504	354380	SLS2099.pso.dis
SLS2100.pso	pixel	2_1	916	356144	SLS2100.pso.dis
SLS2101.pso	pixel	2_1	1120	357320	SLS2101.pso.dis
SLS2102.pso	pixel	2_1	720	358700	SLS2102.pso.dis
SLS2103.pso	pixel	2_1	924	359680	SLS2103.pso.dis
SLS2104.pso	pixel	2_1	1544	360864	SLS2104.pso.dis
SLS2105.pso	pixel	2_1	1748	362668	SLS2105.pso.dis
SLS2106.pso	pixel	2_1	1348	364676	SLS2106.pso.dis
SLS2107.pso	pixel	2_1	1552	366284	SLS2107.pso.dis
SLS2108.pso	pixel	2_1	1044	368096	SLS2108.pso.dis
SLS2109.pso	pixel	2_1	1248	369400	SLS2109.pso.dis
SLS2110.pso	pixel	2_1	768	370908	SLS2110.pso.dis
SLS2111.pso	pixel	2_1	972	371936	SLS2111.pso.dis
SLS2112.pso	pixel	2_1	1672	373168	SLS2112.pso.dis
SLS2113.pso	pixel	2_1	1876	375100	SLS2113.pso.dis
SLS2114.pso	pixel	2_1	1396	377236	SLS2114.pso.dis
SLS2115.pso	pixel	2_1	1600	378892	SLS2115.pso.dis
SLS2116.pso	pixel	2_1	1184	380752	SLS2116.pso.dis
SLS2117.pso	pixel	2_1	1388	382196	SLS2117.pso.dis
SLS2118.pso	pixel	2_1	828	383844	SLS2118.pso.dis
SLS2119.pso	pixel	2_1	1032	384932	SLS2119.pso.dis
SLS2120.pso	pixel	2_1	1812	386224	SLS2120.pso.dis
SLS2121.pso	pixel	2_1	2016	388296	SLS2121.pso.dis
SLS2122.pso	pixel	2_1	1456	390572	SLS2122.pso.dis
SLS2123.pso	pixel	2_1	1660	392288	SLS2123.pso.dis
SLS2124.pso	pixel	2_1	1312	394208	SLS2124.pso.dis
SLS2125.pso	pixel	2_1	1516	395780	SLS2125.pso.dis
SLS2126.pso	pixel	2_1	876	397556	SLS2126.pso.dis
SLS2127.pso	pixel	2_1	1080	398692	SLS2127.pso.dis
SLS2128.pso	pixel	2_1	1940	400032	SLS2128.pso.dis
SLS2129.pso	pixel	2_1	2144	402232	SLS2129.pso.dis
SLS2130.pso	pixel	2_1	1504	404636	SLS2130.pso.dis
SLS2131.pso	pixel	2_1	1708	406400	SLS2131.pso.dis
SLS2132.pso	pixel	2_1	1440	408368	SLS2132.pso.dis
SLS2133.pso	pixel	2_1	1644	410068	SLS2133.pso.dis
SLS2134.pso	pixel	2_1	924	411972	SLS2134.pso.dis
SLS2135.pso	pixel	2_1	1128	413156	SLS2135.pso.dis
SLS2136.pso	pixel	2_1	2068	414544	SLS2136.pso.dis
SLS2137.pso	pixel	2_1	2272	416872	SLS2137.pso.dis
SLS2138.pso	pixel	2_1	1552	419404	SLS2138.pso.dis
SLS2139.pso	pixel	2_1	1756	421216	SLS2139.pso.dis
SLS2140.pso	pixel	2_1	1568	423232	SLS2140.pso.dis
SLS2141.pso	pixel	2_1	1772	425060	SLS2141.pso.dis
SLS2142.pso	pixel	2_1	972	427092	SLS2142.pso.dis
SLS2143.pso	pixel	2_1	1176	428324	SLS2143.pso.dis
SLS2144.pso	pixel	2_1	2196	429760	SLS2144.pso.dis
SLS2145.pso	pixel	2_1	2400	432216	SLS2145.pso.dis
SLS2146.pso	pixel	2_1	1600	434876	SLS2146.pso.dis
SLS2147.pso	pixel	2_1	1804	436736	SLS2147.pso.dis
SLS2148.pso	pixel	2_1	232	438800	SLS2148.pso.dis
SLS2149.pso	pixel	2_1	232	439292	SLS2149.pso.dis
SLS2150.pso	pixel	2_1	232	439784	SLS2150.pso.dis
SLS2151.pso	pixel	2_1	436	440276	SLS2151.pso.dis
SLS2152s3.pso	pixel	2_1	1020	440972	SLS2152s3.pso.dis
SLS2153.pso	pixel	2_1	1032	442252	SLS2153.pso.dis
SLS2154.pso	pixel	2_1	1388	443544	SLS2154.pso.dis
SLS2155.pso	pixel	2_1	1400	445192	SLS2155.pso.dis
SLS2156.pso	pixel	2_1	1868	446852	SLS2156.pso.dis
SLS2157.pso	pixel	2_1	1880	448980	SLS2157.pso.dis
SLS2158.pso	pixel	2_1	440	451120	SLS2158.pso.dis
SLS2159.pso	pixel	2_1	440	451820	SLS2159.pso.dis
GRASS23x000.vso	vertex	3_0	1596	452520	GRASS23x000.vso.dis
GRASS23x001.vso	vertex	3_0	1548	454376	GRASS23x001.vso.dis
GRASS23x002.vso	vertex	3_0	1824	456184	GRASS23x002.vso.dis
GRASS23x003.vso	vertex	3_0	1876	458268	GRASS23x003.vso.dis
GRASS23x004.vso	vertex	3_0	1716	460404	GRASS23x004.vso.dis
GRASS23x005.vso	vertex	3_0	1668	462380	GRASS23x005.vso.dis
GRASS23x006.vso	vertex	3_0	1944	464308	GRASS23x006.vso.dis
GRASS23x007.vso	vertex	3_0	1996	466512	GRASS23x007.vso.dis
GRASS23x008.vso	vertex	3_0	1828	468768	GRASS23x008.vso.dis
GRASS23x009.vso	vertex	3_0	1780	470856	GRASS23x009.vso.dis
GRASS23x010.vso	vertex	3_0	2056	472896	GRASS23x010.vso.dis
GRASS23x011.vso	vertex	3_0	2108	475212	GRASS23x011.vso.dis
GRASS23x012.vso	vertex	3_0	1948	477580	GRASS23x012.vso.dis
GRASS23x013.vso	vertex	3_0	1900	479788	GRASS23x013.vso.dis
GRASS23x014.vso	vertex	3_0	2176	481948	GRASS23x014.vso.dis
GRASS23x015.vso	vertex	3_0	2228	484384	GRASS23x015.vso.dis
GRASS23x016.vso	vertex	3_0	1856	486872	GRASS23x016.vso.dis
GRASS23x017.vso	vertex	3_0	1936	488988	GRASS23x017.vso.dis
GRASS23x018.vso	vertex	3_0	1976	491184	GRASS23x018.vso.dis
GRASS23x019.vso	vertex	3_0	2056	493420	GRASS23x019.vso.dis
GRASS23x020.vso	vertex	3_0	1548	495736	GRASS23x020.vso.dis
GRASS23x021.vso	vertex	3_0	1836	497544	GRASS23x021.vso.dis
GRASS23x022.vso	vertex	3_0	1812	499640	GRASS23x022.vso.dis
GRASS23x023.vso	vertex	3_0	1948	501712	GRASS23x023.vso.dis
GRASS2000.vso	vertex	2_0	1688	503920	GRASS2000.vso.dis
GRASS2001.vso	vertex	2_0	1640	505868	GRASS2001.vso.dis
GRASS2002.vso	vertex	2_0	1928	507768	GRASS2002.vso.dis
GRASS2003.vso	vertex	2_0	1980	509956	GRASS2003.vso.dis
GRASS2004.vso	vertex	2_0	1796	512196	GRASS2004.vso.dis
GRASS2005.vso	vertex	2_0	1748	514252	GRASS2005.vso.dis
GRASS2006.vso	vertex	2_0	2036	516260	GRASS2006.vso.dis
GRASS2007.vso	vertex	2_0	2088	518556	GRASS2007.vso.dis
GRASS2008.vso	vertex	2_0	1896	520904	GRASS2008.vso.dis
GRASS2009.vso	vertex	2_0	1848	523060	GRASS2009.vso.dis
GRASS2010.vso	vertex	2_0	2136	525168	GRASS2010.vso.dis
GRASS2011.vso	vertex	2_0	2188	527564	GRASS2011.vso.dis
GRASS2012.vso	vertex	2_0	2004	530012	GRASS2012.vso.dis
GRASS2013.vso	vertex	2_0	1956	532276	GRASS2013.vso.dis
GRASS2014.vso	vertex	2_0	2244	534492	GRASS2014.vso.dis
GRASS2015.vso	vertex	2_0	2296	536996	GRASS2015.vso.dis
GRASS2016.vso	vertex	2_0	1948	539552	GRASS2016.vso.dis
GRASS2017.vso	vertex	2_0	2028	541760	GRASS2017.vso.dis
GRASS2018.vso	vertex	2_0	2056	544048	GRASS2018.vso.dis
GRASS2019.vso	vertex	2_0	2136	546364	GRASS2019.vso.dis
GRASS2020.vso	vertex	2_0	1584	548760	GRASS2020.vso.dis
GRASS2021.vso	vertex	2_0	1884	550604	GRASS2021.vso.dis
GRASS2022.vso	vertex	2_0	1848	552748	GRASS2022.vso.dis
GRASS2023.vso	vertex	2_0	1984	554856	GRASS2023.vso.dis
GRASS23x000.pso	pixel	3_0	472	557100	GRASS23x000.pso.dis
GRASS2000.pso	pixel	2_1	484	557832	GRASS2000.pso.dis
GRASS23x000TMS.pso	pixel	3_0	400	558576	GRASS23x000TMS.pso.dis
GRASS2000TMS.pso	pixel	2_1	412	559236	GRASS2000TMS.pso.dis
GRASS23x001.pso	pixel	3_0	672	559908	GRASS23x001.pso.dis
GRASS2001.pso	pixel	2_1	696	560840	GRASS2001.pso.dis
GRASS23x001TMS.pso	pixel	3_0	672	561796	GRASS23x001TMS.pso.dis
GRASS2001TMS.pso	pixel	2_1	696	562728	GRASS2001TMS.pso.dis
GRASS23x002.pso	pixel	3_0	672	563684	GRASS23x002.pso.dis
GRASS2002.pso	pixel	2_1	684	564616	GRASS2002.pso.dis
GRASS23x002TMS.pso	pixel	3_0	600	565560	GRASS23x002TMS.pso.dis
GRASS2002TMS.pso	pixel	2_1	612	566420	GRASS2002TMS.pso.dis
GRASS23x003.pso	pixel	3_0	872	567292	GRASS23x003.pso.dis
GRASS2003.pso	pixel	2_1	896	568424	GRASS2003.pso.dis
GRASS23x003TMS.pso	pixel	3_0	872	569580	GRASS23x003TMS.pso.dis
GRASS2003TMS.pso	pixel	2_1	896	570712	GRASS2003TMS.pso.dis
GRASS23x004.pso	pixel	3_0	2396	571868	GRASS23x004.pso.dis
GRASS2004.pso	pixel	2_1	2392	574524	GRASS2004.pso.dis
GRASS23x004TMS.pso	pixel	3_0	2364	577176	GRASS23x004TMS.pso.dis
GRASS2004TMS.pso	pixel	2_1	2340	579800	GRASS2004TMS.pso.dis
GRASS23x005.pso	pixel	3_0	2396	582400	GRASS23x005.pso.dis
GRASS2005.pso	pixel	2_1	2392	585056	GRASS2005.pso.dis
GRASS23x005TMS.pso	pixel	3_0	2364	587708	GRASS23x005TMS.pso.dis
GRASS2005TMS.pso	pixel	2_1	2340	590332	GRASS2005TMS.pso.dis
GRASS23x006.pso	pixel	3_0	2396	592932	GRASS23x006.pso.dis
GRASS2006.pso	pixel	2_1	2392	595588	GRASS2006.pso.dis
GRASS23x006TMS.pso	pixel	3_0	2364	598240	GRASS23x006TMS.pso.dis
GRASS2006TMS.pso	pixel	2_1	2340	600864	GRASS2006TMS.pso.dis
DISTLOD2002.vso	vertex	2_0	1260	603464	DISTLOD2002.vso.dis
DISTLOD2003.vso	vertex	2_0	1520	604984	DISTLOD2003.vso.dis
DISTLOD2001.pso	pixel	2_1	484	606764	DISTLOD2001.pso.dis
STB1000.vso	vertex	1_1	440	607508	STB1000.vso.dis
STB1001.vso	vertex	1_1	660	608208	STB1001.vso.dis
STB1002.vso	vertex	1_1	660	609128	STB1002.vso.dis
STB1003.vso	vertex	1_1	804	610048	STB1003.vso.dis
STB1004.vso	vertex	1_1	616	611112	STB1004.vso.dis
STB1005.vso	vertex	1_1	780	611988	STB1005.vso.dis
STB1006.vso	vertex	1_1	484	613028	STB1006.vso.dis
STB1007.vso	vertex	1_1	772	613772	STB1007.vso.dis
STB1008.vso	vertex	1_1	972	614804	STB1008.vso.dis
STB1009.vso	vertex	1_1	732	616036	STB1009.vso.dis
STB2000.vso	vertex	2_0	820	617028	STB2000.vso.dis
STB2001.vso	vertex	2_0	1120	618108	STB2001.vso.dis
STB2002.vso	vertex	2_0	956	619488	STB2002.vso.dis
STB2003.vso	vertex	2_0	1256	620704	STB2003.vso.dis
STB2004.vso	vertex	2_0	1008	622220	STB2004.vso.dis
STB2005.vso	vertex	2_0	1288	623488	STB2005.vso.dis
STB2006.vso	vertex	2_0	1156	625036	STB2006.vso.dis
STB2007.vso	vertex	2_0	1436	626452	STB2007.vso.dis
STB2008.vso	vertex	2_0	1204	628148	STB2008.vso.dis
STB2009.vso	vertex	2_0	1484	629612	STB2009.vso.dis
STB2010.vso	vertex	2_0	1432	631356	STB2010.vso.dis
STB2011.vso	vertex	2_0	1712	633048	STB2011.vso.dis
STB2012.vso	vertex	2_0	864	635020	STB2012.vso.dis
STB2013.vso	vertex	2_0	1000	636144	STB2013.vso.dis
STB2014.vso	vertex	2_0	824	637404	STB2014.vso.dis
STB2015.vso	vertex	2_0	1104	638488	STB2015.vso.dis
STB2016.vso	vertex	2_0	828	639852	STB2016.vso.dis
STB2017.vso	vertex	2_0	1012	640940	STB2017.vso.dis
STB2018.vso	vertex	2_0	1196	642212	STB2018.vso.dis
STB2019.vso	vertex	2_0	760	643668	STB2019.vso.dis
STB1000.pso	pixel	2_1	264	644688	STB1000.pso.dis
STB1001.pso	pixel	2_1	560	645212	STB1001.pso.dis
STB1002.pso	pixel	2_1	560	646032	STB1002.pso.dis
STB1003.pso	pixel	2_1	792	646852	STB1003.pso.dis
STB1004.pso	pixel	2_1	396	647904	STB1004.pso.dis
STB1005.pso	pixel	2_1	644	648560	STB1005.pso.dis
STB1006.pso	pixel	2_1	228	649464	STB1006.pso.dis
STB1007.pso	pixel	2_1	464	649952	STB1007.pso.dis
STB1008.pso	pixel	2_1	696	650676	STB1008.pso.dis
STB1009.pso	pixel	2_1	124	651632	STB1009.pso.dis
STFROND000.vso	vertex	1_1	696	652016	STFROND000.vso.dis
STFROND001.vso	vertex	1_1	968	652972	STFROND001.vso.dis
STFROND002.vso	vertex	1_1	948	654200	STFROND002.vso.dis
STFROND003.vso	vertex	1_1	1216	655408	STFROND003.vso.dis
STFROND2000.pso	pixel	2_1	228	656884	STFROND2000.pso.dis
STFROND2001.pso	pixel	2_1	292	657372	STFROND2001.pso.dis
STLEAF000.vso	vertex	2_0	1792	657924	STLEAF000.vso.dis
STLEAF001.vso	vertex	2_0	2064	659976	STLEAF001.vso.dis
STLEAF002.vso	vertex	2_0	2088	662300	STLEAF002.vso.dis
STLEAF003.vso	vertex	2_0	2360	664648	STLEAF003.vso.dis
STLEAF2000.pso	pixel	2_1	228	667268	STLEAF2000.pso.dis
STLEAF2000TMS.pso	pixel	2_1	244	667756	STLEAF2000TMS.pso.dis
STLEAF2001.pso	pixel	2_1	292	668260	STLEAF2001.pso.dis
STLEAF2001TMS.pso	pixel	2_1	308	668812	STLEAF2001TMS.pso.dis
BS.vso	vertex	1_1	400	669380	BS.vso.dis
BSF.vso	vertex	1_1	388	670040	BSF.vso.dis
BS.pso	pixel	2_1	432	670688	BS.pso.dis
BSF.pso	pixel	2_1	328	671380	BSF.pso.dis
DISTTREE.vso	vertex	1_1	944	671968	DISTTREE.vso.dis
DISTTREE.pso	pixel	2_1	292	673172	DISTTREE.pso.dis
DISTTREESil.pso	pixel	2_1	268	673724	DISTTREESil.pso.dis
DEBUG.vso	vertex	1_1	148	674252	DEBUG.vso.dis
DEBUG00.pso	pixel	2_1	196	674660	DEBUG00.pso.dis
DEBUG01.pso	pixel	2_1	260	675116	DEBUG01.pso.dis
SKY.vso	vertex	2_0	384	675636	SKY.vso.dis
SKYT.vso	vertex	2_0	420	676280	SKYT.vso.dis
SKYMM.vso	vertex	2_0	420	676960	SKYMM.vso.dis
SKYSTARS.vso	vertex	2_0	560	677640	SKYSTARS.vso.dis
SKYOCC.vso	vertex	2_0	252	678460	SKYOCC.vso.dis
SKYCLOUDS.vso	vertex	2_0	500	678972	SKYCLOUDS.vso.dis
SKYCLOUDSFADE.vso	vertex	2_0	652	679732	SKYCLOUDSFADE.vso.dis
SKY.pso	pixel	2_1	124	680644	SKY.pso.dis
SKYTEX.pso	pixel	2_1	560	681028	SKYTEX.pso.dis
SKYTEXFADE.pso	pixel	2_1	252	681848	SKYTEXFADE.pso.dis
SKYSUNOCCL.pso	pixel	2_1	172	682360	SKYSUNOCCL.pso.dis
SKYSHORIZFADE.pso	pixel	2_1	252	682792	SKYSHORIZFADE.pso.dis
SKYFAR.vso	vertex	2_0	276	683304	SKYFAR.vso.dis
SKYCLOUDSI.vso	vertex	2_0	288	683840	SKYCLOUDSI.vso.dis
SKYQUADSI.vso	vertex	2_0	156	684388	SKYQUADSI.vso.dis
SKYSI.pso	pixel	2_1	148	684804	SKYSI.pso.dis
SKYSISUN.pso	pixel	2_1	148	685212	SKYSISUN.pso.dis
SKYSICLOUDS.pso	pixel	2_1	368	685620	SKYSICLOUDS.pso.dis
HAIR1000.vso	vertex	1_1	348	686248	HAIR1000.vso.dis
HAIR1001.vso	vertex	1_1	348	686856	HAIR1001.vso.dis
HAIR1002.vso	vertex	1_1	348	687464	HAIR1002.vso.dis
HAIR1003.vso	vertex	1_1	348	688072	HAIR1003.vso.dis
HAIR1004.vso	vertex	1_1	348	688680	HAIR1004.vso.dis
HAIR1005.vso	vertex	1_1	348	689288	HAIR1005.vso.dis
HAIR1006.vso	vertex	1_1	348	689896	HAIR1006.vso.dis
HAIR2000.vso	vertex	2_0	348	690504	HAIR2000.vso.dis
HAIR2001.vso	vertex	2_0	348	691112	HAIR2001.vso.dis
HAIR2002.vso	vertex	2_0	348	691720	HAIR2002.vso.dis
HAIR2003.vso	vertex	2_0	348	692328	HAIR2003.vso.dis
HAIR2004.vso	vertex	2_0	348	692936	HAIR2004.vso.dis
HAIR2005.vso	vertex	2_0	348	693544	HAIR2005.vso.dis
HAIR2006.vso	vertex	2_0	348	694152	HAIR2006.vso.dis
SKIN2000.vso	vertex	2_0	928	694760	SKIN2000.vso.dis
SKIN2001.vso	vertex	2_0	2420	695948	SKIN2001.vso.dis
SKIN2002.vso	vertex	2_0	1212	698628	SKIN2002.vso.dis
SKIN2003.vso	vertex	2_0	2704	700100	SKIN2003.vso.dis
SKIN2004.vso	vertex	2_0	1076	703064	SKIN2004.vso.dis
SKIN2005.vso	vertex	2_0	2568	704400	SKIN2005.vso.dis
SKIN2006.vso	vertex	2_0	1360	707228	SKIN2006.vso.dis
SKIN2007.vso	vertex	2_0	2852	708848	SKIN2007.vso.dis
SKIN2008.vso	vertex	2_0	756	711960	SKIN2008.vso.dis
SKIN2009.vso	vertex	2_0	2248	712976	SKIN2009.vso.dis
SKIN2010.vso	vertex	2_0	1040	715484	SKIN2010.vso.dis
SKIN2011.vso	vertex	2_0	2532	716784	SKIN2011.vso.dis
SKIN2012.vso	vertex	2_0	892	719576	SKIN2012.vso.dis
SKIN2013.vso	vertex	2_0	2384	720728	SKIN2013.vso.dis
SKIN2014.vso	vertex	2_0	1176	723372	SKIN2014.vso.dis
SKIN2015.vso	vertex	2_0	2668	724808	SKIN2015.vso.dis
SKIN2016.vso	vertex	2_0	800	727736	SKIN2016.vso.dis
SKIN2017.vso	vertex	2_0	2292	728796	SKIN2017.vso.dis
SKIN2018.vso	vertex	2_0	936	731348	SKIN2018.vso.dis
SKIN2019.vso	vertex	2_0	2428	732544	SKIN2019.vso.dis
SKIN2020.vso	vertex	2_0	1624	735232	SKIN2020.vso.dis
SKIN2021.vso	vertex	2_0	3116	737116	SKIN2021.vso.dis
SKIN2022.vso	vertex	2_0	1516	740492	SKIN2022.vso.dis
SKIN2023.vso	vertex	2_0	3008	742268	SKIN2023.vso.dis
SKIN2024.vso	vertex	2_0	1512	745536	SKIN2024.vso.dis
SKIN2025.vso	vertex	2_0	3020	747308	SKIN2025.vso.dis
SKIN2000.pso	pixel	2_1	1136	750588	SKIN2000.pso.dis
SKIN2001.pso	pixel	2_1	1320	751984	SKIN2001.pso.dis
SKIN2002.pso	pixel	2_1	1672	753564	SKIN2002.pso.dis
SKIN2003.pso	pixel	2_1	1868	755496	SKIN2003.pso.dis
SKIN2004.pso	pixel	2_1	1200	757624	SKIN2004.pso.dis
SKIN2005.pso	pixel	2_1	1396	759084	SKIN2005.pso.dis
SKIN2006.pso	pixel	2_1	1640	760740	SKIN2006.pso.dis
SKIN2007.pso	pixel	2_1	1836	762640	SKIN2007.pso.dis
SKIN2008.pso	pixel	2_1	1340	764736	SKIN2008.pso.dis
SKIN2009.pso	pixel	2_1	1764	766336	SKIN2009.pso.dis
SKIN2010.pso	pixel	2_1	2920	768360	SKIN2010.pso.dis
SKIN2011.pso	pixel	2_1	2468	771540	SKIN2011.pso.dis
SKIN2012.pso	pixel	2_1	1980	774268	SKIN2012.pso.dis
PAR2000.vso	vertex	2_0	928	776508	PAR2000.vso.dis
PAR2001.vso	vertex	2_0	1212	777696	PAR2001.vso.dis
PAR2002.vso	vertex	2_0	1076	779168	PAR2002.vso.dis
PAR2003.vso	vertex	2_0	1360	780504	PAR2003.vso.dis
PAR2004.vso	vertex	2_0	1084	782124	PAR2004.vso.dis
PAR2005.vso	vertex	2_0	1368	783468	PAR2005.vso.dis
PAR2006.vso	vertex	2_0	1344	785096	PAR2006.vso.dis
PAR2007.vso	vertex	2_0	1628	786700	PAR2007.vso.dis
PAR2008.vso	vertex	2_0	756	788588	PAR2008.vso.dis
PAR2009.vso	vertex	2_0	1040	789604	PAR2009.vso.dis
PAR2010.vso	vertex	2_0	892	790904	PAR2010.vso.dis
PAR2011.vso	vertex	2_0	1176	792056	PAR2011.vso.dis
PAR2012.vso	vertex	2_0	800	793492	PAR2012.vso.dis
PAR2013.vso	vertex	2_0	936	794552	PAR2013.vso.dis
PAR2014.vso	vertex	2_0	436	795748	PAR2014.vso.dis
PAR2015.vso	vertex	2_0	700	796444	PAR2015.vso.dis
PAR2016.vso	vertex	2_0	984	797404	PAR2016.vso.dis
PAR2017.vso	vertex	2_0	688	798648	PAR2017.vso.dis
PAR2018.vso	vertex	2_0	872	799596	PAR2018.vso.dis
PAR2019.vso	vertex	2_0	1056	800728	PAR2019.vso.dis
PAR2000.pso	pixel	2_1	948	802044	PAR2000.pso.dis
PAR2001.pso	pixel	2_1	768	803252	PAR2001.pso.dis
PAR2002.pso	pixel	2_1	1068	804280	PAR2002.pso.dis
PAR2003.pso	pixel	2_1	1116	805608	PAR2003.pso.dis
PAR2004.pso	pixel	2_1	1236	806984	PAR2004.pso.dis
PAR2005.pso	pixel	2_1	1160	808480	PAR2005.pso.dis
PAR2006.pso	pixel	2_1	1280	809900	PAR2006.pso.dis
PAR2007.pso	pixel	2_1	1340	811440	PAR2007.pso.dis
PAR2008.pso	pixel	2_1	1460	813040	PAR2008.pso.dis
PAR2009.pso	pixel	2_1	1104	814760	PAR2009.pso.dis
PAR2010.pso	pixel	2_1	1212	816124	PAR2010.pso.dis
PAR2011.pso	pixel	2_1	1288	817596	PAR2011.pso.dis
PAR2012.pso	pixel	2_1	1408	819144	PAR2012.pso.dis
PAR2013.pso	pixel	2_1	852	820812	PAR2013.pso.dis
PAR2014.pso	pixel	2_1	972	821924	PAR2014.pso.dis
PAR2015.pso	pixel	2_1	1032	823156	PAR2015.pso.dis
PAR2016.pso	pixel	2_1	1152	824448	PAR2016.pso.dis
PAR2017.pso	pixel	2_1	1016	825860	PAR2017.pso.dis
PAR2018.pso	pixel	2_1	1136	827136	PAR2018.pso.dis
PAR2019.pso	pixel	2_1	1196	828532	PAR2019.pso.dis
PAR2020.pso	pixel	2_1	1316	829988	PAR2020.pso.dis
PAR2021.pso	pixel	2_1	856	831564	PAR2021.pso.dis
PAR2022.pso	pixel	2_1	1020	832680	PAR2022.pso.dis
PAR2023.pso	pixel	2_1	480	833960	PAR2023.pso.dis
PAR2024.pso	pixel	2_1	764	834700	PAR2024.pso.dis
PAR2025.pso	pixel	2_1	960	835724	PAR2025.pso.dis
PAR2026.pso	pixel	2_1	840	836944	PAR2026.pso.dis
PAR2027.pso	pixel	2_1	1116	838044	PAR2027.pso.dis
PAR2028.pso	pixel	2_1	1392	839420	PAR2028.pso.dis
PAR2029.pso	pixel	2_1	1504	841072	PAR2029.pso.dis
PAR2030.pso	pixel	2_1	1612	842836	PAR2030.pso.dis
PAR2031.pso	pixel	2_1	1688	844708	PAR2031.pso.dis
PAR2032.pso	pixel	2_1	1808	846656	PAR2032.pso.dis
GDECAL.vso	vertex	1_1	332	848724	GDECAL.vso.dis
GDECALS.vso	vertex	1_1	824	849316	GDECALS.vso.dis
GDECAL.pso	pixel	2_1	340	850400	GDECAL.pso.dis
WATER000.vso	vertex	1_1	808	851000	WATER000.vso.dis
WATER001.vso	vertex	1_1	824	852068	WATER001.vso.dis
WATER002.vso	vertex	1_1	700	853152	WATER002.vso.dis
WATER000.pso	pixel	2_1	2480	854112	WATER000.pso.dis
WATER001.pso	pixel	2_1	2396	856852	WATER001.pso.dis
WATER002.pso	pixel	2_1	2212	859508	WATER002.pso.dis
WATER003.pso	pixel	2_1	1860	861980	WATER003.pso.dis
WATER004.pso	pixel	2_1	1916	864100	WATER004.pso.dis
WATER005.pso	pixel	2_1	1836	866276	WATER005.pso.dis
WATER006.pso	pixel	2_1	1696	868372	WATER006.pso.dis
WATER007.pso	pixel	2_1	1312	870328	WATER007.pso.dis
WATER008.pso	pixel	2_1	2160	871900	WATER008.pso.dis
WATER009.pso	pixel	2_1	2048	874320	WATER009.pso.dis
WATER010.pso	pixel	2_1	1900	876628	WATER010.pso.dis
WATER011.pso	pixel	2_1	1488	878788	WATER011.pso.dis
WATER012.pso	pixel	2_1	1572	880536	WATER012.pso.dis
WATER013.pso	pixel	2_1	1508	882368	WATER013.pso.dis
WATER014.pso	pixel	2_1	1900	884136	WATER014.pso.dis
WATER015.pso	pixel	2_1	1060	886296	WATER015.pso.dis
WATER016.pso	pixel	2_1	1292	887616	WATER016.pso.dis
WATER017.pso	pixel	2_1	2720	889168	WATER017.pso.dis
WATER018.pso	pixel	2_1	2664	892148	WATER018.pso.dis
WATER019.pso	pixel	2_1	2452	895072	WATER019.pso.dis
WATER020.pso	pixel	2_1	2116	897784	WATER020.pso.dis
WATER021.pso	pixel	2_1	2192	900160	WATER021.pso.dis
WATER022.pso	pixel	2_1	2084	902612	WATER022.pso.dis
WATER023.pso	pixel	2_1	2452	904956	WATER023.pso.dis
WATER024.pso	pixel	2_1	1548	907668	WATER024.pso.dis
WATER025.pso	pixel	2_1	2416	909476	WATER025.pso.dis
WATER026.pso	pixel	2_1	2304	912152	WATER026.pso.dis
WATER027.pso	pixel	2_1	2132	914716	WATER027.pso.dis
WATER028.pso	pixel	2_1	1744	917108	WATER028.pso.dis
WATER029.pso	pixel	2_1	1848	919112	WATER029.pso.dis
WATER030.pso	pixel	2_1	1784	921220	WATER030.pso.dis
WATER031.pso	pixel	2_1	1748	923264	WATER031.pso.dis
WATER032.pso	pixel	2_1	1296	925272	WATER032.pso.dis
WATER033.pso	pixel	2_1	1376	926828	WATER033.pso.dis
WATER034.pso	pixel	2_1	1084	928464	WATER034.pso.dis
WATER035.pso	pixel	2_1	148	929808	WATER035.pso.dis
WATER036.pso	pixel	2_1	2668	930216	WATER036.pso.dis
WATER037.pso	pixel	2_1	2948	933144	WATER037.pso.dis
PARTICLE.vso	vertex	2_0	2060	936352	PARTICLE.vso.dis
PARTICLE.pso	pixel	2_1	232	938672	PARTICLE.pso.dis
BOLT.vso	vertex	1_1	1452	939164	BOLT.vso.dis
BOLT.pso	pixel	2_1	388	940876	BOLT.pso.dis
BEAM.vso	vertex	1_1	452	941524	BEAM.vso.dis
BEAM.pso	pixel	2_1	232	942236	BEAM.pso.dis
SM3000.vso	vertex	2_0	644	942728	SM3000.vso.dis
SM3001.vso	vertex	3_0	708	943632	SM3001.vso.dis
SM3002.vso	vertex	2_0	2196	944600	SM3002.vso.dis
SM3003.vso	vertex	2_0	656	947056	SM3003.vso.dis
SM3004.vso	vertex	3_0	720	947972	SM3004.vso.dis
SM3005.vso	vertex	2_0	2208	948952	SM3005.vso.dis
SM3006.vso	vertex	2_0	928	951420	SM3006.vso.dis
SM3007.vso	vertex	3_0	1004	952608	SM3007.vso.dis
SM3008.vso	vertex	2_0	2480	953872	SM3008.vso.dis
SM3009.vso	vertex	2_0	940	956612	SM3009.vso.dis
SM3010.vso	vertex	3_0	1016	957812	SM3010.vso.dis
SM3011.vso	vertex	2_0	2492	959088	SM3011.vso.dis
SM3012.vso	vertex	2_0	812	961840	SM3012.vso.dis
SM3013.vso	vertex	2_0	824	962912	SM3013.vso.dis
SM3014.vso	vertex	2_0	2304	963996	SM3014.vso.dis
SM3015.vso	vertex	2_0	2316	966560	SM3015.vso.dis
SM3016.vso	vertex	2_0	968	969136	SM3016.vso.dis
SM3017.vso	vertex	2_0	304	970364	SM3017.vso.dis
SM3018.vso	vertex	2_0	772	970928	SM3018.vso.dis
SM3019.vso	vertex	2_0	328	971960	SM3019.vso.dis
SM3020.vso	vertex	2_0	796	972548	SM3020.vso.dis
SM3021.vso	vertex	2_0	304	973604	SM3021.vso.dis
SM3022.vso	vertex	2_0	772	974168	SM3022.vso.dis
SM3023.vso	vertex	2_0	328	975200	SM3023.vso.dis
SM3024.vso	vertex	2_0	796	975788	SM3024.vso.dis
SM3025.vso	vertex	2_0	520	976844	SM3025.vso.dis
SM3026.vso	vertex	2_0	520	977624	SM3026.vso.dis
SM3027.vso	vertex	2_0	1028	978404	SM3027.vso.dis
SM3028.vso	vertex	2_0	1028	979692	SM3028.vso.dis
SM3029.vso	vertex	2_0	368	980980	SM3029.vso.dis
SM3030.vso	vertex	2_0	368	981608	SM3030.vso.dis
SM3031.vso	vertex	2_0	880	982236	SM3031.vso.dis
SM3032.vso	vertex	2_0	880	983376	SM3032.vso.dis
SM3033.vso	vertex	2_0	456	984516	SM3033.vso.dis
SM3034.vso	vertex	2_0	1296	985232	SM3034.vso.dis
SM3035.vso	vertex	2_0	544	986788	SM3035.vso.dis
SM3036.vso	vertex	2_0	228	987592	SM3036.vso.dis
SM3037.vso	vertex	2_0	760	988080	SM3037.vso.dis
SM3038.vso	vertex	2_0	280	989100	SM3038.vso.dis
SM3039.vso	vertex	2_0	280	989640	SM3039.vso.dis
SM3040.vso	vertex	2_0	788	990180	SM3040.vso.dis
SM3041.vso	vertex	2_0	788	991228	SM3041.vso.dis
SM3042.vso	vertex	2_0	816	992276	SM3042.vso.dis
SM3043.vso	vertex	2_0	2996	993352	SM3043.vso.dis
SM3044.vso	vertex	2_0	396	996608	SM3044.vso.dis
SM3045.vso	vertex	2_0	1260	997264	SM3045.vso.dis
SM3046.vso	vertex	2_0	228	998784	SM3046.vso.dis
SM3047.vso	vertex	2_0	1392	999272	SM3047.vso.dis
SM3048.vso	vertex	2_0	2920	1000924	SM3048.vso.dis
SM3049.vso	vertex	2_0	252	1004104	SM3049.vso.dis
SM3050.vso	vertex	2_0	784	1004616	SM3050.vso.dis
SM3051.vso	vertex	2_0	252	1005660	SM3051.vso.dis
SM3052.vso	vertex	2_0	784	1006172	SM3052.vso.dis
SM3053.vso	vertex	2_0	252	1007216	SM3053.vso.dis
SM3054.vso	vertex	2_0	784	1007728	SM3054.vso.dis
SM3055.vso	vertex	2_0	252	1008772	SM3055.vso.dis
SM3056.vso	vertex	2_0	784	1009284	SM3056.vso.dis
SM3000.pso	pixel	2_1	3020	1010328	SM3000.pso.dis
SM3LL000.pso	pixel	2_1	1996	1013608	SM3LL000.pso.dis
SM3001.pso	pixel	2_1	3752	1015864	SM3001.pso.dis
SM3LL001.pso	pixel	2_1	2488	1019876	SM3LL001.pso.dis
SM3002.pso	pixel	2_1	3196	1022624	SM3002.pso.dis
SM3LL002.pso	pixel	2_1	2172	1026080	SM3LL002.pso.dis
SM3003.pso	pixel	2_1	4720	1028512	SM3003.pso.dis
SM3LL003.pso	pixel	2_1	3252	1033492	SM3LL003.pso.dis
SM3004.pso	pixel	2_1	3292	1037004	SM3004.pso.dis
SM3LL004.pso	pixel	2_1	2304	1040556	SM3LL004.pso.dis
SM3005.pso	pixel	3_0	3600	1043120	SM3005.pso.dis
SM3LL005.pso	pixel	3_0	2628	1046980	SM3LL005.pso.dis
SM3006.pso	pixel	2_1	3884	1049868	SM3006.pso.dis
SM3LL006.pso	pixel	2_1	2656	1054012	SM3LL006.pso.dis
SM3007.pso	pixel	3_0	2908	1056928	SM3007.pso.dis
SM3LL007.pso	pixel	3_0	2512	1060096	SM3LL007.pso.dis
SM3008.pso	pixel	2_1	5052	1062868	SM3008.pso.dis
SM3LL008.pso	pixel	2_1	3432	1068180	SM3LL008.pso.dis
SM3009.pso	pixel	2_1	5676	1071872	SM3009.pso.dis
SM3LL009.pso	pixel	2_1	3816	1077808	SM3LL009.pso.dis
SM3010.pso	pixel	2_1	3156	1081884	SM3010.pso.dis
SM3LL010.pso	pixel	2_1	2132	1085300	SM3LL010.pso.dis
SM3011.pso	pixel	2_1	3868	1087692	SM3011.pso.dis
SM3LL011.pso	pixel	2_1	2604	1091820	SM3LL011.pso.dis
SM3012.pso	pixel	2_1	3196	1094684	SM3012.pso.dis
SM3LL012.pso	pixel	2_1	2172	1098140	SM3LL012.pso.dis
SM3013.pso	pixel	2_1	3944	1100572	SM3013.pso.dis
SM3LL013.pso	pixel	2_1	2680	1104776	SM3LL013.pso.dis
SM3014.pso	pixel	2_1	3372	1107716	SM3014.pso.dis
SM3LL014.pso	pixel	2_1	2348	1111348	SM3LL014.pso.dis
SM3015.pso	pixel	2_1	4912	1113956	SM3015.pso.dis
SM3LL015.pso	pixel	2_1	3444	1119128	SM3LL015.pso.dis
SM3016.pso	pixel	2_1	3468	1122832	SM3016.pso.dis
SM3LL016.pso	pixel	2_1	2480	1126560	SM3LL016.pso.dis
SM3017.pso	pixel	3_0	3780	1129300	SM3017.pso.dis
SM3LL017.pso	pixel	3_0	2808	1133340	SM3LL017.pso.dis
SM3018.pso	pixel	2_1	4076	1136408	SM3018.pso.dis
SM3LL018.pso	pixel	2_1	2860	1140744	SM3LL018.pso.dis
SM3019.pso	pixel	3_0	3072	1143864	SM3019.pso.dis
SM3LL019.pso	pixel	3_0	2676	1147196	SM3LL019.pso.dis
SM3020.pso	pixel	2_1	5228	1150132	SM3020.pso.dis
SM3LL020.pso	pixel	2_1	3608	1155620	SM3LL020.pso.dis
SM3021.pso	pixel	2_1	5868	1159488	SM3021.pso.dis
SM3LL021.pso	pixel	2_1	4008	1165616	SM3LL021.pso.dis
SM3022.pso	pixel	2_1	3332	1169884	SM3022.pso.dis
SM3LL022.pso	pixel	2_1	2308	1173476	SM3LL022.pso.dis
SM3023.pso	pixel	2_1	4060	1176044	SM3023.pso.dis
SM3LL023.pso	pixel	2_1	2796	1180364	SM3LL023.pso.dis
SM3024.pso	pixel	2_1	920	1183420	SM3024.pso.dis
SM3025.pso	pixel	2_1	920	1184600	SM3025.pso.dis
SM3026.pso	pixel	2_1	580	1185780	SM3026.pso.dis
SM3027.pso	pixel	2_1	440	1186620	SM3027.pso.dis
SM3028.pso	pixel	2_1	532	1187320	SM3028.pso.dis
SM3029.pso	pixel	2_1	1932	1188112	SM3029.pso.dis
SM3030.pso	pixel	2_1	296	1190304	SM3030.pso.dis
SM3031.pso	pixel	2_1	296	1190860	SM3031.pso.dis
SM3032.pso	pixel	2_1	436	1191416	SM3032.pso.dis
SM3033.pso	pixel	2_1	436	1192112	SM3033.pso.dis
SM3034.pso	pixel	2_1	464	1192808	SM3034.pso.dis
SM3035.pso	pixel	2_1	136	1193532	SM3035.pso.dis
SM3036.pso	pixel	2_1	136	1193928	SM3036.pso.dis
SM3037.pso	pixel	2_1	444	1194324	SM3037.pso.dis
SM3038.pso	pixel	2_1	168	1195028	SM3038.pso.dis
SM3039.pso	pixel	2_1	252	1195456	SM3039.pso.dis
SM3040.pso	pixel	2_1	224	1195968	SM3040.pso.dis
SM3041.pso	pixel	2_1	136	1196452	SM3041.pso.dis
SM3042.pso	pixel	2_1	608	1196848	SM3042.pso.dis
SM3043.pso	pixel	2_1	608	1197716	SM3043.pso.dis
SM3044.pso	pixel	2_1	236	1198584	SM3044.pso.dis
SM3045.pso	pixel	2_1	236	1199080	SM3045.pso.dis
SM3046.pso	pixel	2_1	236	1199576	SM3046.pso.dis
SM3047.pso	pixel	2_1	236	1200072	SM3047.pso.dis
SM3048.pso	pixel	2_1	372	1200568	SM3048.pso.dis
SM3049.pso	pixel	2_1	372	1201200	SM3049.pso.dis
PRECIP000.vso	vertex	2_0	1176	1201832	PRECIP000.vso.dis
PRECIP001.vso	vertex	2_0	1104	1203268	PRECIP001.vso.dis
PRECIP002.vso	vertex	2_0	1440	1204632	PRECIP002.vso.dis
PRECIP003.vso	vertex	2_0	1356	1206332	PRECIP003.vso.dis
PRECIP000.pso	pixel	2_1	296	1207948	PRECIP000.pso.dis
PRECIP001.pso	pixel	2_1	296	1208504	PRECIP001.pso.dis
TILE1000.vso	vertex	1_1	264	1209060	TILE1000.vso.dis
TILE1001.vso	vertex	1_1	320	1209584	TILE1001.vso.dis
TILE1002.vso	vertex	1_1	288	1210164	TILE1002.vso.dis
TILE1000.pso	pixel	2_1	260	1210712	TILE1000.pso.dis
TILE1001.pso	pixel	2_1	344	1211232	TILE1001.pso.dis
TILE1002.pso	pixel	2_1	288	1211836	TILE1002.pso.dis
NOLIGHT000.vso	vertex	2_0	616	1212384	NOLIGHT000.vso.dis
NOLIGHT001.vso	vertex	2_0	512	1213260	NOLIGHT001.vso.dis
NOLIGHT002.vso	vertex	2_0	640	1214032	NOLIGHT002.vso.dis
NOLIGHT003.vso	vertex	2_0	488	1214932	NOLIGHT003.vso.dis
NOLIGHT004.vso	vertex	2_0	1004	1215680	NOLIGHT004.vso.dis
NOLIGHT005.vso	vertex	2_0	904	1216944	NOLIGHT005.vso.dis
NOLIGHT006.vso	vertex	2_0	1028	1218108	NOLIGHT006.vso.dis
NOLIGHT007.vso	vertex	2_0	880	1219396	NOLIGHT007.vso.dis
NOLIGHT008.vso	vertex	2_0	1120	1220536	NOLIGHT008.vso.dis
NOLIGHT009.vso	vertex	2_0	1016	1221916	NOLIGHT009.vso.dis
NOLIGHT010.vso	vertex	2_0	1144	1223192	NOLIGHT010.vso.dis
NOLIGHT011.vso	vertex	2_0	992	1224596	NOLIGHT011.vso.dis
NOLIGHT012.vso	vertex	2_0	1840	1225848	NOLIGHT012.vso.dis
NOLIGHT013.vso	vertex	2_0	1740	1227948	NOLIGHT013.vso.dis
NOLIGHT014.vso	vertex	2_0	1864	1229948	NOLIGHT014.vso.dis
NOLIGHT015.vso	vertex	2_0	1716	1232072	NOLIGHT015.vso.dis
NOLIGHT016.vso	vertex	2_0	640	1234048	NOLIGHT016.vso.dis
NOLIGHT017.vso	vertex	2_0	664	1234948	NOLIGHT017.vso.dis
NOLIGHT018.vso	vertex	2_0	1028	1235872	NOLIGHT018.vso.dis
NOLIGHT019.vso	vertex	2_0	1052	1237160	NOLIGHT019.vso.dis
NOLIGHT020.vso	vertex	2_0	304	1238472	NOLIGHT020.vso.dis
NOLIGHT021.vso	vertex	2_0	328	1239036	NOLIGHT021.vso.dis
NOLIGHT022.vso	vertex	2_0	304	1239624	NOLIGHT022.vso.dis
NOLIGHT023.vso	vertex	2_0	328	1240188	NOLIGHT023.vso.dis
NOLIGHT024.vso	vertex	2_0	772	1240776	NOLIGHT024.vso.dis
NOLIGHT025.vso	vertex	2_0	796	1241808	NOLIGHT025.vso.dis
NOLIGHT026.vso	vertex	2_0	772	1242864	NOLIGHT026.vso.dis
NOLIGHT027.vso	vertex	2_0	796	1243896	NOLIGHT027.vso.dis
NOLIGHTTEX.pso	pixel	2_1	536	1244952	NOLIGHTTEX.pso.dis
NOLIGHTVCONLY.pso	pixel	2_1	472	1245748	NOLIGHTVCONLY.pso.dis
NOLIGHTTEXVC.pso	pixel	2_1	564	1246480	NOLIGHTTEXVC.pso.dis
NOLIGHTTEXVCPMA.pso	pixel	2_1	396	1247304	NOLIGHTTEXVCPMA.pso.dis
NOLIGHTMAT.pso	pixel	2_1	436	1247960	NOLIGHTMAT.pso.dis
NOLIGHTWF.pso	pixel	2_1	440	1248656	NOLIGHTWF.pso.dis
NOLIGHTWFAt.pso	pixel	2_1	532	1249356	NOLIGHTWFAt.pso.dis
VolumetricFog000.vso	vertex	2_0	404	1250148	VolumetricFog000.vso.dis
VolumetricFog001.vso	vertex	3_0	440	1250812	VolumetricFog001.vso.dis
VolumetricFog000.pso	pixel	2_1	332	1251512	VolumetricFog000.pso.dis
VolumetricFog001.pso	pixel	3_0	372	1252104	VolumetricFog001.pso.dis
ISCOPY.vso	vertex	1_1	292	1252736	ISCOPY.vso.dis
ISCOPY.pso	pixel	2_1	196	1253288	ISCOPY.pso.dis
ISCOPYRT1.vso	vertex	1_1	292	1253744	ISCOPYRT1.vso.dis
ISCOPYRT1.pso	pixel	2_1	208	1254296	ISCOPYRT1.pso.dis
ISNULL.vso	vertex	1_1	232	1254764	ISNULL.vso.dis
ISCOPY.vso	vertex	1_1	292	1255256	ISCOPY.vso.duplicate_2.offset_00132758.dis
ISCOPY.pso	pixel	2_1	196	1255808	ISCOPY.pso.duplicate_2.offset_00132980.dis
ISSTENCILCOPY.vso	vertex	1_1	292	1256264	ISSTENCILCOPY.vso.dis
ISSTENCILCOPY.pso	pixel	2_1	196	1256816	ISSTENCILCOPY.pso.dis
ISSTENCILCOPYNOTEXNODEPTH.vso	vertex	1_1	292	1257272	ISSTENCILCOPYNOTEXNODEPTH.vso.dis
ISSTENCILCOPYNOTEXNODEPTH.pso	pixel	2_1	148	1257824	ISSTENCILCOPYNOTEXNODEPTH.pso.dis
ISREFRACT.vso	vertex	1_1	340	1258232	ISREFRACT.vso.dis
ISREFRACT.pso	pixel	2_1	700	1258832	ISREFRACT.pso.dis
ISVFOG.vso	vertex	1_1	292	1259792	ISVFOG.vso.dis
ISVFOG.pso	pixel	2_1	324	1260344	ISVFOG.pso.dis
ISBLUR.vso	vertex	1_1	292	1260928	ISBLUR.vso.dis
ISBLUR.pso	pixel	2_1	884	1261480	ISBLUR.pso.dis
ISDOUBLEVIS.vso	vertex	1_1	340	1262624	ISDOUBLEVIS.vso.dis
ISDOUBLEVIS.pso	pixel	2_1	776	1263224	ISDOUBLEVIS.pso.dis
ISALPHAMULT.vso	vertex	1_1	292	1264260	ISALPHAMULT.vso.dis
ISALPHAMULT.pso	pixel	2_1	380	1264812	ISALPHAMULT.pso.dis
ISBLEND.vso	vertex	1_1	340	1265452	ISBLEND.vso.dis
ISBLEND.pso	pixel	2_1	376	1266052	ISBLEND.pso.dis
ISTEXMASK.vso	vertex	1_1	412	1266688	ISTEXMASK.vso.dis
ISTEXMASK.pso	pixel	2_1	240	1267360	ISTEXMASK.pso.dis
ISMAP.vso	vertex	1_1	292	1267860	ISMAP.vso.dis
ISMAP.pso	pixel	2_1	916	1268412	ISMAP.pso.dis
ISMENUBG.vso	vertex	2_0	240	1269588	ISMENUBG.vso.dis
ISMENUBG.pso	pixel	2_1	396	1270088	ISMENUBG.pso.dis
ISCinematic.vso	vertex	1_1	292	1270744	ISCinematic.vso.dis
ISCinematic.pso	pixel	2_1	456	1271296	ISCinematic.pso.dis
ISDOF.vso	vertex	1_1	340	1272012	ISDOF.vso.dis
ISDOF.pso	pixel	2_1	696	1272612	ISDOF.pso.dis
ISDOFMASK.vso	vertex	1_1	340	1273568	ISDOFMASK.vso.dis
ISDOFMASK.pso	pixel	2_1	1652	1274168	ISDOFMASK.pso.dis
ISMOTBLUR.vso	vertex	1_1	340	1276080	ISMOTBLUR.vso.dis
ISMOTBLUR.pso	pixel	2_1	1532	1276680	ISMOTBLUR.pso.dis
ISRBLUR.vso	vertex	1_1	340	1278472	ISRBLUR.vso.dis
ISRBLUR.pso	pixel	2_1	908	1279072	ISRBLUR.pso.dis
ISRBLURM.vso	vertex	1_1	340	1280240	ISRBLURM.vso.dis
ISRBLURM.pso	pixel	2_1	1348	1280840	ISRBLURM.pso.dis
ISRBLURH.vso	vertex	1_1	340	1282448	ISRBLURH.vso.dis
ISRBLURH.pso	pixel	2_1	1788	1283048	ISRBLURH.pso.dis
ISSunbeams.vso	vertex	1_1	292	1285096	ISSunbeams.vso.dis
ISSunbeams.pso	pixel	2_1	940	1285648	ISSunbeams.pso.dis
ISHDRBLENDINSHADER.vso	vertex	1_1	340	1286848	ISHDRBLENDINSHADER.vso.dis
ISHDRBLENDINSHADER.pso	pixel	2_1	512	1287448	ISHDRBLENDINSHADER.pso.dis
ISHDRBLENDINSHADERCIN.vso	vertex	1_1	340	1288220	ISHDRBLENDINSHADERCIN.vso.dis
ISHDRBLENDINSHADERCIN.pso	pixel	2_1	748	1288820	ISHDRBLENDINSHADERCIN.pso.dis
ISHDRBLENDINSHADERCINAM.vso	vertex	1_1	340	1289828	ISHDRBLENDINSHADERCINAM.vso.dis
ISHDRBLENDINSHADERCINAM.pso	pixel	2_1	856	1290428	ISHDRBLENDINSHADERCINAM.pso.dis
ISHDRBLUR.vso	vertex	1_1	292	1291544	ISHDRBLUR.vso.dis
ISHDRBLUR.pso	pixel	2_1	1136	1292096	ISHDRBLUR.pso.dis
ISHDRBRIGHT.vso	vertex	1_1	292	1293492	ISHDRBRIGHT.vso.dis
ISHDRBRIGHT.pso	pixel	2_1	376	1294044	ISHDRBRIGHT.pso.dis
ISHDRDOWN16.vso	vertex	1_1	292	1294680	ISHDRDOWN16.vso.dis
ISHDRDOWN16.pso	pixel	2_1	1192	1295232	ISHDRDOWN16.pso.dis
ISHDRDOWN9.vso	vertex	1_1	292	1296684	ISHDRDOWN9.vso.dis
ISHDRDOWN9.pso	pixel	2_1	1176	1297236	ISHDRDOWN9.pso.dis
ISHDRDOWN4.vso	vertex	1_1	292	1298672	ISHDRDOWN4.vso.dis
ISHDRDOWN4.pso	pixel	2_1	520	1299224	ISHDRDOWN4.pso.dis
ISHDRDS4LUMCLAMP.vso	vertex	1_1	292	1300004	ISHDRDS4LUMCLAMP.vso.dis
ISHDRDS4LUMCLAMP.pso	pixel	2_1	708	1300556	ISHDRDS4LUMCLAMP.pso.dis
ISHDRDS4ADAPT.vso	vertex	1_1	292	1301524	ISHDRDS4ADAPT.vso.dis
ISHDRDS4ADAPT.pso	pixel	2_1	856	1302076	ISHDRDS4ADAPT.pso.dis
ISHDRDS16LUMCLAMP.vso	vertex	1_1	292	1303192	ISHDRDS16LUMCLAMP.vso.dis
ISHDRDS16LUMCLAMP.pso	pixel	2_1	1380	1303744	ISHDRDS16LUMCLAMP.pso.dis
ISHDRDS16ADAPT.vso	vertex	1_1	292	1305384	ISHDRDS16ADAPT.vso.dis
ISHDRDS16ADAPT.pso	pixel	2_1	1528	1305936	ISHDRDS16ADAPT.pso.dis
ISHDRADAPT.vso	vertex	1_1	292	1307724	ISHDRADAPT.vso.dis
ISHDRADAPT.pso	pixel	2_1	592	1308276	ISHDRADAPT.pso.dis
ISHDRLUMCLAMP.vso	vertex	1_1	292	1309128	ISHDRLUMCLAMP.vso.dis
ISHDRLUMCLAMP.pso	pixel	2_1	444	1309680	ISHDRLUMCLAMP.pso.dis
ISIFSCANBLEND.vso	vertex	1_1	292	1310384	ISIFSCANBLEND.vso.dis
ISIFSCANBLEND.pso	pixel	2_1	1356	1310936	ISIFSCANBLEND.pso.dis
ISIFVATSSCANBLEND.vso	vertex	1_1	292	1312552	ISIFVATSSCANBLEND.vso.dis
ISIFVATSSCANBLEND.pso	pixel	2_1	1532	1313104	ISIFVATSSCANBLEND.pso.dis
ISIFVATSSCAN.vso	vertex	1_1	292	1314896	ISIFVATSSCAN.vso.dis
ISIFVATSSCAN.pso	pixel	2_1	968	1315448	ISIFVATSSCAN.pso.dis
ISCOPYUNPACK.vso	vertex	1_1	292	1316676	ISCOPYUNPACK.vso.dis
ISCOPYUNPACK.pso	pixel	2_1	196	1317228	ISCOPYUNPACK.pso.dis
ISTV.vso	vertex	1_1	292	1317684	ISTV.vso.dis
ISTV.pso	pixel	2_1	1500	1318236	ISTV.pso.dis
ISBLUR3.vso	vertex	1_1	292	1319996	ISBLUR3.vso.dis
ISBLUR3.pso	pixel	2_1	452	1320548	ISBLUR3.pso.dis
ISBLUR5.vso	vertex	1_1	292	1321260	ISBLUR5.vso.dis
ISBLUR5.pso	pixel	2_1	564	1321812	ISBLUR5.pso.dis
ISBLUR7.vso	vertex	1_1	292	1322636	ISBLUR7.vso.dis
ISBLUR7.pso	pixel	2_1	676	1323188	ISBLUR7.pso.dis
ISBLUR9.vso	vertex	1_1	292	1324124	ISBLUR9.vso.dis
ISBLUR9.pso	pixel	2_1	788	1324676	ISBLUR9.pso.dis
ISBLUR11.vso	vertex	1_1	292	1325724	ISBLUR11.vso.dis
ISBLUR11.pso	pixel	2_1	900	1326276	ISBLUR11.pso.dis
ISBLUR13.vso	vertex	1_1	292	1327436	ISBLUR13.vso.dis
ISBLUR13.pso	pixel	2_1	1012	1327988	ISBLUR13.pso.dis
ISBLUR15.vso	vertex	1_1	292	1329260	ISBLUR15.vso.dis
ISBLUR15.pso	pixel	2_1	1124	1329812	ISBLUR15.pso.dis
ISBPBLUR3.vso	vertex	1_1	292	1331196	ISBPBLUR3.vso.dis
ISBPBLUR3.pso	pixel	2_1	740	1331748	ISBPBLUR3.pso.dis
ISBPBLUR5.vso	vertex	1_1	292	1332748	ISBPBLUR5.vso.dis
ISBPBLUR5.pso	pixel	2_1	948	1333300	ISBPBLUR5.pso.dis
ISBPBLUR7.vso	vertex	1_1	292	1334508	ISBPBLUR7.vso.dis
ISBPBLUR7.pso	pixel	2_1	1156	1335060	ISBPBLUR7.pso.dis
ISBPBLUR9.vso	vertex	1_1	292	1336476	ISBPBLUR9.vso.dis
ISBPBLUR9.pso	pixel	2_1	1364	1337028	ISBPBLUR9.pso.dis
ISBPBLUR11.vso	vertex	1_1	292	1338652	ISBPBLUR11.vso.dis
ISBPBLUR11.pso	pixel	2_1	1572	1339204	ISBPBLUR11.pso.dis
ISBPBLUR13.vso	vertex	1_1	292	1341036	ISBPBLUR13.vso.dis
ISBPBLUR13.pso	pixel	2_1	1780	1341588	ISBPBLUR13.pso.dis
ISBPBLUR15.vso	vertex	1_1	292	1343628	ISBPBLUR15.vso.dis
ISBPBLUR15.pso	pixel	2_1	1988	1344180	ISBPBLUR15.pso.dis
ISFFTWATERSPECTRUM.vso	vertex	1_1	292	1346428	ISFFTWATERSPECTRUM.vso.dis
ISFFTWATERSPECTRUM.pso	pixel	2_1	720	1346980	ISFFTWATERSPECTRUM.pso.dis
ISFFTHORIZONTALBUTTERFLY.vso	vertex	1_1	292	1347960	ISFFTHORIZONTALBUTTERFLY.vso.dis
ISFFTHORIZONTALBUTTERFLY.pso	pixel	2_1	520	1348512	ISFFTHORIZONTALBUTTERFLY.pso.dis
ISFFTVERTICALBUTTERFLY.vso	vertex	1_1	292	1349292	ISFFTVERTICALBUTTERFLY.vso.dis
ISFFTVERTICALBUTTERFLY.pso	pixel	2_1	520	1349844	ISFFTVERTICALBUTTERFLY.pso.dis
ISFFTHORIZONTALSCRAMBLE.vso	vertex	1_1	292	1350624	ISFFTHORIZONTALSCRAMBLE.vso.dis
ISFFTHORIZONTALSCRAMBLE.pso	pixel	2_1	292	1351176	ISFFTHORIZONTALSCRAMBLE.pso.dis
ISFFTVERTICALSCRAMBLE.vso	vertex	1_1	292	1351728	ISFFTVERTICALSCRAMBLE.vso.dis
ISFFTVERTICALSCRAMBLE.pso	pixel	2_1	304	1352280	ISFFTVERTICALSCRAMBLE.pso.dis
ISFFTNORMALS.vso	vertex	1_1	292	1352844	ISFFTNORMALS.vso.dis
ISFFTNORMALS.pso	pixel	2_1	988	1353396	ISFFTNORMALS.pso.dis
ISFFTFILTER.vso	vertex	1_1	292	1354644	ISFFTFILTER.vso.dis
ISFFTFILTER.pso	pixel	2_1	248	1355196	ISFFTFILTER.pso.dis
ISFFTDISPLAYNORMALS.vso	vertex	1_1	292	1355704	ISFFTDISPLAYNORMALS.vso.dis
ISFFTDISPLAYNORMALS.pso	pixel	2_1	204	1356256	ISFFTDISPLAYNORMALS.pso.dis
ISFFTDISPLAYHIGHW.vso	vertex	1_1	292	1356720	ISFFTDISPLAYHIGHW.vso.dis
ISFFTDISPLAYHIGHW.pso	pixel	2_1	276	1357272	ISFFTDISPLAYHIGHW.pso.dis
ISFFTDISPLAYAMPLITUDE.vso	vertex	1_1	292	1357808	ISFFTDISPLAYAMPLITUDE.vso.dis
ISFFTDISPLAYAMPLITUDE.pso	pixel	2_1	288	1358360	ISFFTDISPLAYAMPLITUDE.pso.dis
ISFFTWATERSPECTRUM.vso	vertex	1_1	292	1358908	ISFFTWATERSPECTRUM.vso.duplicate_2.offset_0014bc3c.dis
ISFFTWATERSPECTRUM.pso	pixel	2_1	720	1359460	ISFFTWATERSPECTRUM.pso.duplicate_2.offset_0014be64.dis
ISFFTDISPLAYWATERHEIGHT.vso	vertex	1_1	292	1360440	ISFFTDISPLAYWATERHEIGHT.vso.dis
ISFFTDISPLAYWATERHEIGHT.pso	pixel	2_1	252	1360992	ISFFTDISPLAYWATERHEIGHT.pso.dis
ISWATERDISPLACEMENTCLEARSIMULATION.vso	vertex	1_1	256	1361504	ISWATERDISPLACEMENTCLEARSIMULATION.vso.dis
ISWATERDISPLACEMENTCLEARSIMULATION.pso	pixel	2_1	148	1362020	ISWATERDISPLACEMENTCLEARSIMULATION.pso.dis
ISWATERDISPLACEMENTTEXOFFSET.vso	vertex	1_1	256	1362428	ISWATERDISPLACEMENTTEXOFFSET.vso.dis
ISWATERDISPLACEMENTTEXOFFSET.pso	pixel	2_1	408	1362944	ISWATERDISPLACEMENTTEXOFFSET.pso.dis
ISWATERDISPLACEMENTWADINGRIPPLE.vso	vertex	1_1	356	1363612	ISWATERDISPLACEMENTWADINGRIPPLE.vso.dis
ISWATERDISPLACEMENTWADINGRIPPLE.pso	pixel	2_1	136	1364228	ISWATERDISPLACEMENTWADINGRIPPLE.pso.dis
ISWATERDISPLACEMENTRAINRIPPLE.vso	vertex	1_1	256	1364624	ISWATERDISPLACEMENTRAINRIPPLE.vso.dis
ISWATERDISPLACEMENTRAINRIPPLE.pso	pixel	2_1	136	1365140	ISWATERDISPLACEMENTRAINRIPPLE.pso.dis
ISWATERDISPLACEMENTWADINGHEIGHTMAP.vso	vertex	1_1	320	1365536	ISWATERDISPLACEMENTWADINGHEIGHTMAP.vso.dis
ISWATERDISPLACEMENTWADINGHEIGHTMAP.pso	pixel	2_1	620	1366116	ISWATERDISPLACEMENTWADINGHEIGHTMAP.pso.dis
ISWATERDISPLACEMENTRAINHEIGHTMAP.vso	vertex	1_1	256	1366996	ISWATERDISPLACEMENTRAINHEIGHTMAP.vso.dis
ISWATERDISPLACEMENTRAINHEIGHTMAP.pso	pixel	2_1	620	1367512	ISWATERDISPLACEMENTRAINHEIGHTMAP.pso.dis
ISWATERDISPLACEMENTBLENDHEIGHTMAPS.vso	vertex	1_1	256	1368392	ISWATERDISPLACEMENTBLENDHEIGHTMAPS.vso.dis
ISWATERDISPLACEMENTBLENDHEIGHTMAPS.pso	pixel	2_1	480	1368908	ISWATERDISPLACEMENTBLENDHEIGHTMAPS.pso.dis
ISWATERSMOOTHHEIGHTMAP.vso	vertex	1_1	320	1369648	ISWATERSMOOTHHEIGHTMAP.vso.dis
ISWATERSMOOTHHEIGHTMAP.pso	pixel	2_1	200	1370228	ISWATERSMOOTHHEIGHTMAP.pso.dis
ISWATERDISPLACEMENTNORMALS.vso	vertex	1_1	256	1370688	ISWATERDISPLACEMENTNORMALS.vso.dis
ISWATERDISPLACEMENTNORMALS.pso	pixel	2_1	1072	1371204	ISWATERDISPLACEMENTNORMALS.pso.dis
ISNOISESCROLLANDBLEND.vso	vertex	1_1	292	1372536	ISNOISESCROLLANDBLEND.vso.dis
ISNOISESCROLLANDBLEND.pso	pixel	2_1	668	1373088	ISNOISESCROLLANDBLEND.pso.dis
ISNOISENORMALMAP.vso	vertex	1_1	292	1374016	ISNOISENORMALMAP.vso.dis
ISNOISENORMALMAP.pso	pixel	2_1	964	1374568	ISNOISENORMALMAP.pso.dis
